objectPath,objectName,objectType,id
/Explore/PCI DSS Bundle,DQ_CreditCardNumber_Accuracy,RULE_SPECIFICATION,31QnzPEdF01fEpsRqFUzop
/Explore/PCI DSS Bundle,DQ_TransactionDate_Timeliness,RULE_SPECIFICATION,2jYKeOsXZsPfD0z5NPAJO9
/Explore/PCI DSS Bundle,DQ_TransactionAmount_Validity,RULE_SPECIFICATION,bKZ27KHerUejWi1RshlWq2
/Explore/PCI DSS Bundle,DQ_CardType_Validity,RULE_SPECIFICATION,6pA2mSMhbSWgcFHacuPxq3
/Explore/PCI DSS Bundle,DQ_CVV_Validity,RULE_SPECIFICATION,bHhHJvc5CKKkka63PWZF83
/Explore/PCI DSS Bundle,DQ_ExpiryDate_Timeliness,RULE_SPECIFICATION,94IS8IfXxBEerxteb2Wi45
/Explore/PCI DSS Bundle,DQ_CreditCardNumber_Consistency,RULE_SPECIFICATION,2okBCq7oNuNkqRCKeNOtkt
/Explore/PCI DSS Bundle,DQ_CardholderName_Accuracy,RULE_SPECIFICATION,gRfv3JnnpixlQRTz4yJwwM
/Explore,PCI DSS Bundle,Project,htkQj93IeENk5U3i8qe3qN