{
  "name" : "PCI DSS Bundle-1741344842082",
  "sourceOrgId" : "30dUmwHKgiZh8su0siWK2b",
  "sourceOrgName" : "Altria-Development",
  "exportedObjects" : [ {
    "objectGuid" : "31QnzPEdF01fEpsRqFUzop",
    "objectName" : "DQ_CreditCardNumber_Accuracy",
    "objectType" : "RULE_SPECIFICATION",
    "path" : "/Explore/PCI DSS Bundle",
    "metadata" : {
      "modelVersion" : {
        "major" : 1,
        "minor" : 0
      },
      "repoInfo" : {
        "repoHandle" : "31QnzPEdF01fEpsRqFUzop"
      },
      "objectRefs" : [ ],
      "contextAttributes" : [ ],
      "additionalInfo" : {
        "description" : "CCN should not contain alphabetic or special characters\n",
        "contentType" : "Binary",
        "documentState" : "VALID"
      }
    }
  }, {
    "objectGuid" : "2jYKeOsXZsPfD0z5NPAJO9",
    "objectName" : "DQ_TransactionDate_Timeliness",
    "objectType" : "RULE_SPECIFICATION",
    "path" : "/Explore/PCI DSS Bundle",
    "metadata" : {
      "modelVersion" : {
        "major" : 1,
        "minor" : 0
      },
      "repoInfo" : {
        "repoHandle" : "2jYKeOsXZsPfD0z5NPAJO9"
      },
      "objectRefs" : [ ],
      "contextAttributes" : [ ],
      "additionalInfo" : {
        "description" : "Must not be a future date",
        "contentType" : "Binary",
        "documentState" : "VALID"
      }
    }
  }, {
    "objectGuid" : "bKZ27KHerUejWi1RshlWq2",
    "objectName" : "DQ_TransactionAmount_Validity",
    "objectType" : "RULE_SPECIFICATION",
    "path" : "/Explore/PCI DSS Bundle",
    "metadata" : {
      "modelVersion" : {
        "major" : 1,
        "minor" : 0
      },
      "repoInfo" : {
        "repoHandle" : "bKZ27KHerUejWi1RshlWq2"
      },
      "objectRefs" : [ ],
      "contextAttributes" : [ ],
      "additionalInfo" : {
        "description" : "Ensures all transactions have an amount recorded",
        "contentType" : "Binary",
        "documentState" : "VALID"
      }
    }
  }, {
    "objectGuid" : "6pA2mSMhbSWgcFHacuPxq3",
    "objectName" : "DQ_CardType_Validity",
    "objectType" : "RULE_SPECIFICATION",
    "path" : "/Explore/PCI DSS Bundle",
    "metadata" : {
      "modelVersion" : {
        "major" : 1,
        "minor" : 0
      },
      "repoInfo" : {
        "repoHandle" : "6pA2mSMhbSWgcFHacuPxq3"
      },
      "objectRefs" : [ ],
      "contextAttributes" : [ ],
      "additionalInfo" : {
        "description" : "Must be a valid card type (Visa, MasterCard, etc.)",
        "contentType" : "Binary",
        "documentState" : "VALID"
      }
    }
  }, {
    "objectGuid" : "bHhHJvc5CKKkka63PWZF83",
    "objectName" : "DQ_CVV_Validity",
    "objectType" : "RULE_SPECIFICATION",
    "path" : "/Explore/PCI DSS Bundle",
    "metadata" : {
      "modelVersion" : {
        "major" : 1,
        "minor" : 0
      },
      "repoInfo" : {
        "repoHandle" : "bHhHJvc5CKKkka63PWZF83"
      },
      "objectRefs" : [ ],
      "contextAttributes" : [ ],
      "additionalInfo" : {
        "description" : "CVV must not be stored in plaintext",
        "contentType" : "Binary",
        "documentState" : "VALID"
      }
    }
  }, {
    "objectGuid" : "94IS8IfXxBEerxteb2Wi45",
    "objectName" : "DQ_ExpiryDate_Timeliness",
    "objectType" : "RULE_SPECIFICATION",
    "path" : "/Explore/PCI DSS Bundle",
    "metadata" : {
      "modelVersion" : {
        "major" : 1,
        "minor" : 0
      },
      "repoInfo" : {
        "repoHandle" : "94IS8IfXxBEerxteb2Wi45"
      },
      "objectRefs" : [ ],
      "contextAttributes" : [ ],
      "additionalInfo" : {
        "description" : "Expiry Date must be greater than the current date. Ensures card is not expired.",
        "contentType" : "Binary",
        "documentState" : "VALID"
      }
    }
  }, {
    "objectGuid" : "2okBCq7oNuNkqRCKeNOtkt",
    "objectName" : "DQ_CreditCardNumber_Consistency",
    "objectType" : "RULE_SPECIFICATION",
    "path" : "/Explore/PCI DSS Bundle",
    "metadata" : {
      "modelVersion" : {
        "major" : 1,
        "minor" : 0
      },
      "repoInfo" : {
        "repoHandle" : "2okBCq7oNuNkqRCKeNOtkt"
      },
      "objectRefs" : [ ],
      "contextAttributes" : [ ],
      "additionalInfo" : {
        "description" : "CCN should be masked except first 6 & last 4 digits\n",
        "contentType" : "Binary",
        "documentState" : "VALID"
      }
    }
  }, {
    "objectGuid" : "gRfv3JnnpixlQRTz4yJwwM",
    "objectName" : "DQ_CardholderName_Accuracy",
    "objectType" : "RULE_SPECIFICATION",
    "path" : "/Explore/PCI DSS Bundle",
    "metadata" : {
      "modelVersion" : {
        "major" : 1,
        "minor" : 0
      },
      "repoInfo" : {
        "repoHandle" : "gRfv3JnnpixlQRTz4yJwwM"
      },
      "objectRefs" : [ ],
      "contextAttributes" : [ ],
      "additionalInfo" : {
        "description" : "Must not contain numbers or special characters",
        "contentType" : "Binary",
        "documentState" : "VALID"
      }
    }
  }, {
    "objectGuid" : "htkQj93IeENk5U3i8qe3qN",
    "objectName" : "PCI DSS Bundle",
    "objectType" : "Project",
    "path" : "/Explore",
    "metadata" : {
      "modelVersion" : {
        "major" : 0,
        "minor" : 0
      },
      "repoInfo" : null,
      "objectRefs" : [ ],
      "contextAttributes" : [ ],
      "additionalInfo" : {
        "description" : "",
        "contentType" : "Binary",
        "documentState" : "COMPLETE"
      }
    }
  } ]
}