{"id":"bHhHJvc5CKKkka63PWZF83","name":"DQ_CVV_Validity","description":"CVV must not be stored in plaintext","documentType":"RULE_SPECIFICATION","repoInfo":{"repoPath":"","repoHandle":"bHhHJvc5CKKkka63PWZF83"},"docRef":null,"customAttributes":{"stringAttrs":[{"name":"ReferencedPublishingAllowed","value":"true"},{"name":"DIMENSION","value":"VALIDITY"},{"name":"EXCEPTION","value":"false"}]},"nativeData":{"id":"bHhHJvc5CKKkka63PWZF83","documentBlob":"{\"inputFields\":[{\"name\":\"NewInput1\",\"type\":\"string\",\"precision\":50,\"scale\":0,\"id\":\"bcc294c9-999b-43a2-b627-ae6f4fe4e7d9\"}],\"outputFields\":[{\"name\":\"PrimaryRuleSet\",\"id\":\"7ffbb511-6ef7-4f24-a159-a52b423d796d\",\"type\":\"integer\",\"precision\":10,\"scale\":0}],\"ruleModel\":\"{\\\"$$class\\\":\\\"com.informatica.dq.rulebuilder.RuleDefinition\\\",\\\"$$IID\\\":\\\"49\\\",\\\"name\\\":\\\"DQ_CVV_Validity\\\",\\\"description\\\":\\\"CVV must not be stored in plaintext\\\",\\\"$$id\\\":\\\"49\\\",\\\"outsideValidityMessage\\\":\\\"undefined\\\",\\\"validFromDate\\\":\\\"-3600000\\\",\\\"validToDate\\\":\\\"-3600000\\\",\\\"$$aggregator\\\":{\\\"$$lockedOn\\\":0,\\\"$$version\\\":1494513349121,\\\"##IID\\\":\\\"U:IGWzIjZXEeefFIPeKxPNig\\\",\\\"name\\\":\\\"DATES\\\",\\\"$$lockedBy\\\":\\\"\\\",\\\"$$class\\\":789,\\\"$$property\\\":\\\"contents\\\"},\\\"tags\\\":[],\\\"options\\\":[{\\\"$$class\\\":\\\"com.informatica.dq.rulebuilder.StringOption\\\",\\\"name\\\":\\\"DEFAULT_STRING_PRECISION\\\",\\\"optionValue\\\":\\\"100\\\"},{\\\"$$class\\\":\\\"com.informatica.dq.rulebuilder.StringOption\\\",\\\"name\\\":\\\"DEFAULT_DECIMAL_PRECISION\\\",\\\"optionValue\\\":\\\"10\\\"},{\\\"$$class\\\":\\\"com.informatica.dq.rulebuilder.StringOption\\\",\\\"name\\\":\\\"DEFAULT_DECIMAL_SCALE\\\",\\\"optionValue\\\":\\\"4\\\"},{\\\"$$class\\\":\\\"com.informatica.dq.rulebuilder.StringOption\\\",\\\"name\\\":\\\"DIMENSION\\\",\\\"optionValue\\\":\\\"NONE\\\"},{\\\"$$class\\\":\\\"com.informatica.dq.rulebuilder.StringOption\\\",\\\"name\\\":\\\"EXCEPTION\\\",\\\"optionValue\\\":\\\"false\\\"}],\\\"fields\\\":[{\\\"$$class\\\":\\\"com.informatica.dq.rulebuilder.Field\\\",\\\"$$id\\\":\\\"5\\\",\\\"$$externalID\\\":\\\"bcc294c9-999b-43a2-b627-ae6f4fe4e7d9\\\",\\\"precision\\\":\\\"50\\\",\\\"scale\\\":\\\"0\\\",\\\"name\\\":\\\"NewInput1\\\",\\\"$type\\\":{\\\"##SID\\\":\\\"smd:com.informatica.metadata.seed.platform.Platform.typesystem/string\\\",\\\"$$class\\\":\\\"com.informatica.metadata.common.typesystem.DataType\\\"},\\\"description\\\":\\\"\\\"}],\\\"outputFields\\\":[],\\\"testData\\\":[{\\\"field\\\":{\\\"name\\\":\\\"NewInput1\\\",\\\"$$class\\\":\\\"com.informatica.dq.rulebuilder.Field\\\",\\\"##id\\\":\\\"5\\\",\\\"##externalID\\\":\\\"bcc294c9-999b-43a2-b627-ae6f4fe4e7d9\\\"},\\\"testData\\\":[\\\"\\\",\\\"\\\",\\\"\\\",\\\"\\\",\\\"\\\",\\\"\\\",\\\"\\\",\\\"\\\",\\\"\\\",\\\"\\\",\\\"\\\",\\\"\\\",\\\"\\\",\\\"\\\",\\\"\\\",\\\"\\\",\\\"\\\",\\\"\\\",\\\"\\\",\\\"\\\",\\\"\\\",\\\"\\\",\\\"\\\",\\\"\\\",\\\"\\\",\\\"\\\",\\\"\\\",\\\"\\\",\\\"\\\",\\\"\\\",\\\"\\\",\\\"\\\",\\\"\\\",\\\"\\\",\\\"\\\",\\\"\\\",\\\"\\\",\\\"\\\",\\\"\\\",\\\"\\\",\\\"\\\",\\\"\\\",\\\"\\\",\\\"\\\",\\\"\\\",\\\"\\\",\\\"\\\",\\\"\\\",\\\"\\\",\\\"\\\"]}],\\\"topRuleFamily\\\":{\\\"$$class\\\":\\\"com.informatica.dq.rulebuilder.RuleFamily\\\",\\\"name\\\":\\\"PrimaryRuleSet\\\",\\\"description\\\":\\\"\\\",\\\"$$id\\\":\\\"6\\\",\\\"$$externalID\\\":\\\"7ffbb511-6ef7-4f24-a159-a52b423d796d\\\",\\\"outputs\\\":[],\\\"outputLinks\\\":[],\\\"statements\\\":[{\\\"$$class\\\":\\\"com.informatica.dq.rulebuilder.Statement\\\",\\\"action\\\":{\\\"$$class\\\":\\\"com.informatica.dq.rulebuilder.Operation\\\",\\\"$$id\\\":\\\"7\\\",\\\"name\\\":\\\"Expression\\\",\\\"description\\\":\\\"\\\",\\\"type\\\":\\\"Expression\\\",\\\"options\\\":[{\\\"$$class\\\":\\\"com.informatica.dq.rulebuilder.StringOption\\\",\\\"name\\\":\\\"expressionString\\\",\\\"optionValue\\\":\\\"IIF( REG_MATCH(NewInput1, '^[0-9]{3,4}$'), False, True)\\\\n\\\"},{\\\"$$class\\\":\\\"com.informatica.dq.rulebuilder.StringOption\\\",\\\"name\\\":\\\"CustomExpression\\\",\\\"optionValue\\\":\\\"CustomExpression\\\"},{\\\"$$class\\\":\\\"com.informatica.dq.rulebuilder.StringOption\\\",\\\"name\\\":\\\"0\\\",\\\"optionValue\\\":\\\"NewInput1\\\"}],\\\"inputs\\\":[{\\\"name\\\":\\\"NewInput1\\\",\\\"$$class\\\":\\\"com.informatica.dq.rulebuilder.Field\\\",\\\"##id\\\":\\\"5\\\",\\\"##externalID\\\":\\\"bcc294c9-999b-43a2-b627-ae6f4fe4e7d9\\\"}],\\\"suboperations\\\":[],\\\"outputs\\\":[]},\\\"condition\\\":{\\\"$$class\\\":\\\"com.informatica.dq.rulebuilder.Operation\\\",\\\"$$id\\\":\\\"8\\\",\\\"name\\\":\\\"NotEquals\\\",\\\"description\\\":\\\"\\\",\\\"type\\\":\\\"NotEquals\\\",\\\"options\\\":[{\\\"$$class\\\":\\\"com.informatica.dq.rulebuilder.StringOption\\\",\\\"name\\\":\\\"useNull\\\",\\\"optionValue\\\":\\\"true\\\"}],\\\"inputs\\\":[{\\\"name\\\":\\\"NewInput1\\\",\\\"$$class\\\":\\\"com.informatica.dq.rulebuilder.Field\\\",\\\"##id\\\":\\\"5\\\",\\\"##externalID\\\":\\\"undefined\\\"}],\\\"suboperations\\\":[],\\\"outputs\\\":[]}},{\\\"$$class\\\":\\\"com.informatica.dq.rulebuilder.Statement\\\",\\\"action\\\":{\\\"$$class\\\":\\\"com.informatica.dq.rulebuilder.Operation\\\",\\\"$$id\\\":\\\"9\\\",\\\"name\\\":\\\"\\\",\\\"description\\\":\\\"\\\",\\\"options\\\":[],\\\"inputs\\\":[],\\\"suboperations\\\":[],\\\"outputs\\\":[]},\\\"condition\\\":{\\\"$$class\\\":\\\"com.informatica.dq.rulebuilder.Operation\\\",\\\"$$id\\\":\\\"10\\\",\\\"name\\\":\\\"\\\",\\\"description\\\":\\\"\\\",\\\"type\\\":\\\"DefaultValue\\\",\\\"options\\\":[],\\\"inputs\\\":[],\\\"suboperations\\\":[],\\\"outputs\\\":[]}}],\\\"ruleFamilies\\\":[],\\\"fields\\\":[{\\\"name\\\":\\\"NewInput1\\\",\\\"$$class\\\":\\\"com.informatica.dq.rulebuilder.Field\\\",\\\"##id\\\":\\\"5\\\",\\\"##externalID\\\":\\\"bcc294c9-999b-43a2-b627-ae6f4fe4e7d9\\\"}]}}\"}"}}