{"id":"gRfv3JnnpixlQRTz4yJwwM","name":"DQ_CardholderName_Accuracy","description":"Must not contain numbers or special characters","documentType":"RULE_SPECIFICATION","repoInfo":{"repoPath":"","repoHandle":"gRfv3JnnpixlQRTz4yJwwM"},"docRef":null,"customAttributes":{"stringAttrs":[{"name":"ReferencedPublishingAllowed","value":"true"},{"name":"DIMENSION","value":"ACCURACY"},{"name":"EXCEPTION","value":"false"}]},"nativeData":{"id":"gRfv3JnnpixlQRTz4yJwwM","documentBlob":"{\"inputFields\":[{\"name\":\"NewInput1\",\"type\":\"string\",\"precision\":50,\"scale\":0,\"id\":\"f893788c-a8e5-442f-a5db-def9d7116b92\"}],\"outputFields\":[{\"name\":\"PrimaryRuleSet\",\"id\":\"4dc6a0b4-799f-41fa-813d-313ed5d0e7ce\",\"type\":\"integer\",\"precision\":10,\"scale\":0}],\"ruleModel\":\"{\\\"$$class\\\":\\\"com.informatica.dq.rulebuilder.RuleDefinition\\\",\\\"$$IID\\\":\\\"78\\\",\\\"name\\\":\\\"DQ_CardholderName_Accuracy\\\",\\\"description\\\":\\\"Must not contain numbers or special characters\\\",\\\"$$id\\\":\\\"78\\\",\\\"outsideValidityMessage\\\":\\\"undefined\\\",\\\"validFromDate\\\":\\\"-3600000\\\",\\\"validToDate\\\":\\\"-3600000\\\",\\\"$$aggregator\\\":{\\\"$$lockedOn\\\":0,\\\"$$version\\\":1494513349121,\\\"##IID\\\":\\\"U:IGWzIjZXEeefFIPeKxPNig\\\",\\\"name\\\":\\\"DATES\\\",\\\"$$lockedBy\\\":\\\"\\\",\\\"$$class\\\":789,\\\"$$property\\\":\\\"contents\\\"},\\\"tags\\\":[],\\\"options\\\":[{\\\"$$class\\\":\\\"com.informatica.dq.rulebuilder.StringOption\\\",\\\"name\\\":\\\"DEFAULT_STRING_PRECISION\\\",\\\"optionValue\\\":\\\"100\\\"},{\\\"$$class\\\":\\\"com.informatica.dq.rulebuilder.StringOption\\\",\\\"name\\\":\\\"DEFAULT_DECIMAL_PRECISION\\\",\\\"optionValue\\\":\\\"10\\\"},{\\\"$$class\\\":\\\"com.informatica.dq.rulebuilder.StringOption\\\",\\\"name\\\":\\\"DEFAULT_DECIMAL_SCALE\\\",\\\"optionValue\\\":\\\"4\\\"},{\\\"$$class\\\":\\\"com.informatica.dq.rulebuilder.StringOption\\\",\\\"name\\\":\\\"DIMENSION\\\",\\\"optionValue\\\":\\\"NONE\\\"},{\\\"$$class\\\":\\\"com.informatica.dq.rulebuilder.StringOption\\\",\\\"name\\\":\\\"EXCEPTION\\\",\\\"optionValue\\\":\\\"false\\\"}],\\\"fields\\\":[{\\\"$$class\\\":\\\"com.informatica.dq.rulebuilder.Field\\\",\\\"$$id\\\":\\\"5\\\",\\\"$$externalID\\\":\\\"f893788c-a8e5-442f-a5db-def9d7116b92\\\",\\\"precision\\\":\\\"50\\\",\\\"scale\\\":\\\"0\\\",\\\"name\\\":\\\"NewInput1\\\",\\\"$type\\\":{\\\"##SID\\\":\\\"smd:com.informatica.metadata.seed.platform.Platform.typesystem/string\\\",\\\"$$class\\\":\\\"com.informatica.metadata.common.typesystem.DataType\\\"},\\\"description\\\":\\\"\\\"}],\\\"outputFields\\\":[],\\\"testData\\\":[{\\\"field\\\":{\\\"name\\\":\\\"NewInput1\\\",\\\"$$class\\\":\\\"com.informatica.dq.rulebuilder.Field\\\",\\\"##id\\\":\\\"5\\\",\\\"##externalID\\\":\\\"f893788c-a8e5-442f-a5db-def9d7116b92\\\"},\\\"testData\\\":[\\\"\\\",\\\"\\\",\\\"\\\",\\\"\\\",\\\"\\\",\\\"\\\",\\\"\\\",\\\"\\\",\\\"\\\",\\\"\\\",\\\"\\\",\\\"\\\",\\\"\\\",\\\"\\\",\\\"\\\",\\\"\\\",\\\"\\\",\\\"\\\",\\\"\\\",\\\"\\\",\\\"\\\",\\\"\\\",\\\"\\\",\\\"\\\",\\\"\\\",\\\"\\\",\\\"\\\",\\\"\\\",\\\"\\\",\\\"\\\",\\\"\\\",\\\"\\\",\\\"\\\",\\\"\\\",\\\"\\\",\\\"\\\",\\\"\\\",\\\"\\\",\\\"\\\",\\\"\\\",\\\"\\\",\\\"\\\",\\\"\\\",\\\"\\\",\\\"\\\",\\\"\\\",\\\"\\\",\\\"\\\",\\\"\\\",\\\"\\\"]}],\\\"topRuleFamily\\\":{\\\"$$class\\\":\\\"com.informatica.dq.rulebuilder.RuleFamily\\\",\\\"name\\\":\\\"PrimaryRuleSet\\\",\\\"description\\\":\\\"\\\",\\\"$$id\\\":\\\"6\\\",\\\"$$externalID\\\":\\\"4dc6a0b4-799f-41fa-813d-313ed5d0e7ce\\\",\\\"outputs\\\":[],\\\"outputLinks\\\":[],\\\"statements\\\":[{\\\"$$class\\\":\\\"com.informatica.dq.rulebuilder.Statement\\\",\\\"action\\\":{\\\"$$class\\\":\\\"com.informatica.dq.rulebuilder.Operation\\\",\\\"$$id\\\":\\\"7\\\",\\\"name\\\":\\\"Expression\\\",\\\"description\\\":\\\"\\\",\\\"type\\\":\\\"Expression\\\",\\\"options\\\":[{\\\"$$class\\\":\\\"com.informatica.dq.rulebuilder.StringOption\\\",\\\"name\\\":\\\"expressionString\\\",\\\"optionValue\\\":\\\"IIF( REG_MATCH(NewInput1, '^[A-Za-z ]*$'), True, False)\\\\n\\\"},{\\\"$$class\\\":\\\"com.informatica.dq.rulebuilder.StringOption\\\",\\\"name\\\":\\\"CustomExpression\\\",\\\"optionValue\\\":\\\"CustomExpression\\\"},{\\\"$$class\\\":\\\"com.informatica.dq.rulebuilder.StringOption\\\",\\\"name\\\":\\\"0\\\",\\\"optionValue\\\":\\\"NewInput1\\\"}],\\\"inputs\\\":[{\\\"name\\\":\\\"NewInput1\\\",\\\"$$class\\\":\\\"com.informatica.dq.rulebuilder.Field\\\",\\\"##id\\\":\\\"5\\\",\\\"##externalID\\\":\\\"f893788c-a8e5-442f-a5db-def9d7116b92\\\"}],\\\"suboperations\\\":[],\\\"outputs\\\":[]},\\\"condition\\\":{\\\"$$class\\\":\\\"com.informatica.dq.rulebuilder.Operation\\\",\\\"$$id\\\":\\\"8\\\",\\\"name\\\":\\\"NotEquals\\\",\\\"description\\\":\\\"\\\",\\\"type\\\":\\\"NotEquals\\\",\\\"options\\\":[{\\\"$$class\\\":\\\"com.informatica.dq.rulebuilder.StringOption\\\",\\\"name\\\":\\\"useNull\\\",\\\"optionValue\\\":\\\"true\\\"}],\\\"inputs\\\":[{\\\"name\\\":\\\"NewInput1\\\",\\\"$$class\\\":\\\"com.informatica.dq.rulebuilder.Field\\\",\\\"##id\\\":\\\"5\\\",\\\"##externalID\\\":\\\"undefined\\\"}],\\\"suboperations\\\":[],\\\"outputs\\\":[]}},{\\\"$$class\\\":\\\"com.informatica.dq.rulebuilder.Statement\\\",\\\"action\\\":{\\\"$$class\\\":\\\"com.informatica.dq.rulebuilder.Operation\\\",\\\"$$id\\\":\\\"9\\\",\\\"name\\\":\\\"\\\",\\\"description\\\":\\\"\\\",\\\"options\\\":[],\\\"inputs\\\":[],\\\"suboperations\\\":[],\\\"outputs\\\":[]},\\\"condition\\\":{\\\"$$class\\\":\\\"com.informatica.dq.rulebuilder.Operation\\\",\\\"$$id\\\":\\\"10\\\",\\\"name\\\":\\\"\\\",\\\"description\\\":\\\"\\\",\\\"type\\\":\\\"DefaultValue\\\",\\\"options\\\":[],\\\"inputs\\\":[],\\\"suboperations\\\":[],\\\"outputs\\\":[]}}],\\\"ruleFamilies\\\":[],\\\"fields\\\":[{\\\"name\\\":\\\"NewInput1\\\",\\\"$$class\\\":\\\"com.informatica.dq.rulebuilder.Field\\\",\\\"##id\\\":\\\"5\\\",\\\"##externalID\\\":\\\"f893788c-a8e5-442f-a5db-def9d7116b92\\\"}]}}\"}"}}