{"id":"bKZ27KHerUejWi1RshlWq2","name":"DQ_TransactionAmount_Validity","description":"Ensures all transactions have an amount recorded","documentType":"RULE_SPECIFICATION","repoInfo":{"repoPath":"","repoHandle":"bKZ27KHerUejWi1RshlWq2"},"docRef":null,"customAttributes":{"stringAttrs":[{"name":"ReferencedPublishingAllowed","value":"true"},{"name":"DIMENSION","value":"VALIDITY"},{"name":"EXCEPTION","value":"false"}]},"nativeData":{"id":"bKZ27KHerUejWi1RshlWq2","documentBlob":"{\"inputFields\":[{\"name\":\"NewInput1\",\"type\":\"decimal\",\"precision\":10,\"scale\":4,\"id\":\"a3950ca2-f838-42cd-9662-1cbbdebd9677\"}],\"outputFields\":[{\"name\":\"PrimaryRuleSet\",\"id\":\"31d781ea-73e6-4431-9343-f1a0cf9d491e\",\"type\":\"integer\",\"precision\":10,\"scale\":0}],\"ruleModel\":\"{\\\"$$class\\\":\\\"com.informatica.dq.rulebuilder.RuleDefinition\\\",\\\"$$IID\\\":\\\"bKZ27KHerUejWi1RshlWq2\\\",\\\"name\\\":\\\"DQ_TransactionAmount_Validity\\\",\\\"description\\\":\\\"Ensures all transactions have an amount recorded\\\",\\\"$$id\\\":\\\"bKZ27KHerUejWi1RshlWq2\\\",\\\"outsideValidityMessage\\\":\\\"undefined\\\",\\\"validFromDate\\\":\\\"-3600000\\\",\\\"validToDate\\\":\\\"-3600000\\\",\\\"$$aggregator\\\":{\\\"$$lockedOn\\\":0,\\\"$$version\\\":1494513349121,\\\"##IID\\\":\\\"U:IGWzIjZXEeefFIPeKxPNig\\\",\\\"name\\\":\\\"DATES\\\",\\\"$$lockedBy\\\":\\\"\\\",\\\"$$class\\\":789,\\\"$$property\\\":\\\"contents\\\"},\\\"tags\\\":[],\\\"options\\\":[{\\\"$$class\\\":\\\"com.informatica.dq.rulebuilder.StringOption\\\",\\\"name\\\":\\\"DEFAULT_STRING_PRECISION\\\",\\\"optionValue\\\":\\\"100\\\"},{\\\"$$class\\\":\\\"com.informatica.dq.rulebuilder.StringOption\\\",\\\"name\\\":\\\"DEFAULT_DECIMAL_PRECISION\\\",\\\"optionValue\\\":\\\"10\\\"},{\\\"$$class\\\":\\\"com.informatica.dq.rulebuilder.StringOption\\\",\\\"name\\\":\\\"DEFAULT_DECIMAL_SCALE\\\",\\\"optionValue\\\":\\\"4\\\"},{\\\"$$class\\\":\\\"com.informatica.dq.rulebuilder.StringOption\\\",\\\"name\\\":\\\"DIMENSION\\\",\\\"optionValue\\\":\\\"NONE\\\"},{\\\"$$class\\\":\\\"com.informatica.dq.rulebuilder.StringOption\\\",\\\"name\\\":\\\"EXCEPTION\\\",\\\"optionValue\\\":\\\"false\\\"}],\\\"fields\\\":[{\\\"$$class\\\":\\\"com.informatica.dq.rulebuilder.Field\\\",\\\"$$id\\\":\\\"5\\\",\\\"$$externalID\\\":\\\"a3950ca2-f838-42cd-9662-1cbbdebd9677\\\",\\\"precision\\\":\\\"10\\\",\\\"scale\\\":\\\"4\\\",\\\"name\\\":\\\"NewInput1\\\",\\\"$type\\\":{\\\"##SID\\\":\\\"smd:com.informatica.metadata.seed.platform.Platform.typesystem/decimal\\\",\\\"$$class\\\":\\\"com.informatica.metadata.common.typesystem.DataType\\\"},\\\"description\\\":\\\"\\\"}],\\\"outputFields\\\":[],\\\"testData\\\":[{\\\"field\\\":{\\\"name\\\":\\\"NewInput1\\\",\\\"$$class\\\":\\\"com.informatica.dq.rulebuilder.Field\\\",\\\"##id\\\":\\\"5\\\",\\\"##externalID\\\":\\\"a3950ca2-f838-42cd-9662-1cbbdebd9677\\\"},\\\"testData\\\":[\\\"\\\",\\\"\\\",\\\"\\\",\\\"\\\",\\\"\\\",\\\"\\\",\\\"\\\",\\\"\\\",\\\"\\\",\\\"\\\",\\\"\\\",\\\"\\\",\\\"\\\",\\\"\\\",\\\"\\\",\\\"\\\",\\\"\\\",\\\"\\\",\\\"\\\",\\\"\\\",\\\"\\\",\\\"\\\",\\\"\\\",\\\"\\\",\\\"\\\",\\\"\\\",\\\"\\\",\\\"\\\",\\\"\\\",\\\"\\\",\\\"\\\",\\\"\\\",\\\"\\\",\\\"\\\",\\\"\\\",\\\"\\\",\\\"\\\",\\\"\\\",\\\"\\\",\\\"\\\",\\\"\\\",\\\"\\\",\\\"\\\",\\\"\\\",\\\"\\\",\\\"\\\",\\\"\\\",\\\"\\\",\\\"\\\",\\\"\\\"]}],\\\"topRuleFamily\\\":{\\\"$$class\\\":\\\"com.informatica.dq.rulebuilder.RuleFamily\\\",\\\"name\\\":\\\"PrimaryRuleSet\\\",\\\"description\\\":\\\"\\\",\\\"$$id\\\":\\\"6\\\",\\\"$$externalID\\\":\\\"31d781ea-73e6-4431-9343-f1a0cf9d491e\\\",\\\"outputs\\\":[],\\\"outputLinks\\\":[],\\\"statements\\\":[{\\\"$$class\\\":\\\"com.informatica.dq.rulebuilder.Statement\\\",\\\"action\\\":{\\\"$$class\\\":\\\"com.informatica.dq.rulebuilder.Operation\\\",\\\"$$id\\\":\\\"7\\\",\\\"name\\\":\\\"Expression\\\",\\\"description\\\":\\\"\\\",\\\"type\\\":\\\"Expression\\\",\\\"options\\\":[{\\\"$$class\\\":\\\"com.informatica.dq.rulebuilder.StringOption\\\",\\\"name\\\":\\\"expressionString\\\",\\\"optionValue\\\":\\\"IIF( NewInput1 > 0 , True, False)\\\"},{\\\"$$class\\\":\\\"com.informatica.dq.rulebuilder.StringOption\\\",\\\"name\\\":\\\"CustomExpression\\\",\\\"optionValue\\\":\\\"CustomExpression\\\"},{\\\"$$class\\\":\\\"com.informatica.dq.rulebuilder.StringOption\\\",\\\"name\\\":\\\"0\\\",\\\"optionValue\\\":\\\"NewInput1\\\"}],\\\"inputs\\\":[{\\\"name\\\":\\\"NewInput1\\\",\\\"$$class\\\":\\\"com.informatica.dq.rulebuilder.Field\\\",\\\"##id\\\":\\\"5\\\",\\\"##externalID\\\":\\\"a3950ca2-f838-42cd-9662-1cbbdebd9677\\\"}],\\\"suboperations\\\":[],\\\"outputs\\\":[]},\\\"condition\\\":{\\\"$$class\\\":\\\"com.informatica.dq.rulebuilder.Operation\\\",\\\"$$id\\\":\\\"8\\\",\\\"name\\\":\\\"NotEquals\\\",\\\"description\\\":\\\"\\\",\\\"type\\\":\\\"NotEquals\\\",\\\"options\\\":[{\\\"$$class\\\":\\\"com.informatica.dq.rulebuilder.StringOption\\\",\\\"name\\\":\\\"useNull\\\",\\\"optionValue\\\":\\\"true\\\"}],\\\"inputs\\\":[{\\\"name\\\":\\\"NewInput1\\\",\\\"$$class\\\":\\\"com.informatica.dq.rulebuilder.Field\\\",\\\"##id\\\":\\\"5\\\",\\\"##externalID\\\":\\\"undefined\\\"}],\\\"suboperations\\\":[],\\\"outputs\\\":[]}},{\\\"$$class\\\":\\\"com.informatica.dq.rulebuilder.Statement\\\",\\\"action\\\":{\\\"$$class\\\":\\\"com.informatica.dq.rulebuilder.Operation\\\",\\\"$$id\\\":\\\"9\\\",\\\"name\\\":\\\"\\\",\\\"description\\\":\\\"\\\",\\\"options\\\":[],\\\"inputs\\\":[],\\\"suboperations\\\":[],\\\"outputs\\\":[]},\\\"condition\\\":{\\\"$$class\\\":\\\"com.informatica.dq.rulebuilder.Operation\\\",\\\"$$id\\\":\\\"10\\\",\\\"name\\\":\\\"\\\",\\\"description\\\":\\\"\\\",\\\"type\\\":\\\"DefaultValue\\\",\\\"options\\\":[],\\\"inputs\\\":[],\\\"suboperations\\\":[],\\\"outputs\\\":[]}}],\\\"ruleFamilies\\\":[],\\\"fields\\\":[{\\\"name\\\":\\\"NewInput1\\\",\\\"$$class\\\":\\\"com.informatica.dq.rulebuilder.Field\\\",\\\"##id\\\":\\\"5\\\",\\\"##externalID\\\":\\\"a3950ca2-f838-42cd-9662-1cbbdebd9677\\\"}]}}\"}"}}