{"id":"2jYKeOsXZsPfD0z5NPAJO9","name":"DQ_TransactionDate_Timeliness","description":"Must not be a future date","documentType":"RULE_SPECIFICATION","repoInfo":{"repoPath":"","repoHandle":"2jYKeOsXZsPfD0z5NPAJO9"},"docRef":null,"customAttributes":{"stringAttrs":[{"name":"ReferencedPublishingAllowed","value":"true"},{"name":"DIMENSION","value":"TIMELINESS"},{"name":"EXCEPTION","value":"false"}]},"nativeData":{"id":"2jYKeOsXZsPfD0z5NPAJO9","documentBlob":"{\"inputFields\":[{\"name\":\"NewInput1\",\"type\":\"date\",\"precision\":29,\"scale\":9,\"id\":\"a6101eac-4bfc-48aa-b356-67e1d51e4ac0\"}],\"outputFields\":[{\"name\":\"PrimaryRuleSet\",\"id\":\"c8b95504-db4f-4e64-84eb-337184c15eb8\",\"type\":\"integer\",\"precision\":10,\"scale\":0}],\"ruleModel\":\"{\\\"$$class\\\":\\\"com.informatica.dq.rulebuilder.RuleDefinition\\\",\\\"$$IID\\\":\\\"64\\\",\\\"name\\\":\\\"DQ_TransactionDate_Timeliness\\\",\\\"description\\\":\\\"Must not be a future date\\\",\\\"$$id\\\":\\\"64\\\",\\\"outsideValidityMessage\\\":\\\"undefined\\\",\\\"validFromDate\\\":\\\"-3600000\\\",\\\"validToDate\\\":\\\"-3600000\\\",\\\"$$aggregator\\\":{\\\"$$lockedOn\\\":0,\\\"$$version\\\":1494513349121,\\\"##IID\\\":\\\"U:IGWzIjZXEeefFIPeKxPNig\\\",\\\"name\\\":\\\"DATES\\\",\\\"$$lockedBy\\\":\\\"\\\",\\\"$$class\\\":789,\\\"$$property\\\":\\\"contents\\\"},\\\"tags\\\":[],\\\"options\\\":[{\\\"$$class\\\":\\\"com.informatica.dq.rulebuilder.StringOption\\\",\\\"name\\\":\\\"DEFAULT_STRING_PRECISION\\\",\\\"optionValue\\\":\\\"100\\\"},{\\\"$$class\\\":\\\"com.informatica.dq.rulebuilder.StringOption\\\",\\\"name\\\":\\\"DEFAULT_DECIMAL_PRECISION\\\",\\\"optionValue\\\":\\\"10\\\"},{\\\"$$class\\\":\\\"com.informatica.dq.rulebuilder.StringOption\\\",\\\"name\\\":\\\"DEFAULT_DECIMAL_SCALE\\\",\\\"optionValue\\\":\\\"4\\\"},{\\\"$$class\\\":\\\"com.informatica.dq.rulebuilder.StringOption\\\",\\\"name\\\":\\\"DIMENSION\\\",\\\"optionValue\\\":\\\"NONE\\\"},{\\\"$$class\\\":\\\"com.informatica.dq.rulebuilder.StringOption\\\",\\\"name\\\":\\\"EXCEPTION\\\",\\\"optionValue\\\":\\\"false\\\"}],\\\"fields\\\":[{\\\"$$class\\\":\\\"com.informatica.dq.rulebuilder.Field\\\",\\\"$$id\\\":\\\"5\\\",\\\"$$externalID\\\":\\\"a6101eac-4bfc-48aa-b356-67e1d51e4ac0\\\",\\\"precision\\\":\\\"29\\\",\\\"scale\\\":\\\"9\\\",\\\"name\\\":\\\"NewInput1\\\",\\\"$type\\\":{\\\"##SID\\\":\\\"smd:com.informatica.metadata.seed.platform.Platform.typesystem/date/time\\\",\\\"$$class\\\":\\\"com.informatica.metadata.common.typesystem.DataType\\\"},\\\"description\\\":\\\"\\\"}],\\\"outputFields\\\":[],\\\"testData\\\":[{\\\"field\\\":{\\\"name\\\":\\\"NewInput1\\\",\\\"$$class\\\":\\\"com.informatica.dq.rulebuilder.Field\\\",\\\"##id\\\":\\\"5\\\",\\\"##externalID\\\":\\\"a6101eac-4bfc-48aa-b356-67e1d51e4ac0\\\"},\\\"testData\\\":[\\\"\\\",\\\"\\\",\\\"\\\",\\\"\\\",\\\"\\\",\\\"\\\",\\\"\\\",\\\"\\\",\\\"\\\",\\\"\\\",\\\"\\\",\\\"\\\",\\\"\\\",\\\"\\\",\\\"\\\",\\\"\\\",\\\"\\\",\\\"\\\",\\\"\\\",\\\"\\\",\\\"\\\",\\\"\\\",\\\"\\\",\\\"\\\",\\\"\\\",\\\"\\\",\\\"\\\",\\\"\\\",\\\"\\\",\\\"\\\",\\\"\\\",\\\"\\\",\\\"\\\",\\\"\\\",\\\"\\\",\\\"\\\",\\\"\\\",\\\"\\\",\\\"\\\",\\\"\\\",\\\"\\\",\\\"\\\",\\\"\\\",\\\"\\\",\\\"\\\",\\\"\\\",\\\"\\\",\\\"\\\",\\\"\\\",\\\"\\\"]}],\\\"topRuleFamily\\\":{\\\"$$class\\\":\\\"com.informatica.dq.rulebuilder.RuleFamily\\\",\\\"name\\\":\\\"PrimaryRuleSet\\\",\\\"description\\\":\\\"\\\",\\\"$$id\\\":\\\"6\\\",\\\"$$externalID\\\":\\\"c8b95504-db4f-4e64-84eb-337184c15eb8\\\",\\\"outputs\\\":[],\\\"outputLinks\\\":[],\\\"statements\\\":[{\\\"$$class\\\":\\\"com.informatica.dq.rulebuilder.Statement\\\",\\\"action\\\":{\\\"$$class\\\":\\\"com.informatica.dq.rulebuilder.Operation\\\",\\\"$$id\\\":\\\"7\\\",\\\"name\\\":\\\"Expression\\\",\\\"description\\\":\\\"\\\",\\\"type\\\":\\\"Expression\\\",\\\"options\\\":[{\\\"$$class\\\":\\\"com.informatica.dq.rulebuilder.StringOption\\\",\\\"name\\\":\\\"expressionString\\\",\\\"optionValue\\\":\\\"IIF( NewInput1<= Sysdate, True, False)\\\"},{\\\"$$class\\\":\\\"com.informatica.dq.rulebuilder.StringOption\\\",\\\"name\\\":\\\"CustomExpression\\\",\\\"optionValue\\\":\\\"CustomExpression\\\"},{\\\"$$class\\\":\\\"com.informatica.dq.rulebuilder.StringOption\\\",\\\"name\\\":\\\"0\\\",\\\"optionValue\\\":\\\"NewInput1\\\"}],\\\"inputs\\\":[{\\\"name\\\":\\\"NewInput1\\\",\\\"$$class\\\":\\\"com.informatica.dq.rulebuilder.Field\\\",\\\"##id\\\":\\\"5\\\",\\\"##externalID\\\":\\\"a6101eac-4bfc-48aa-b356-67e1d51e4ac0\\\"}],\\\"suboperations\\\":[],\\\"outputs\\\":[]},\\\"condition\\\":{\\\"$$class\\\":\\\"com.informatica.dq.rulebuilder.Operation\\\",\\\"$$id\\\":\\\"8\\\",\\\"name\\\":\\\"NotEquals\\\",\\\"description\\\":\\\"\\\",\\\"type\\\":\\\"NotEquals\\\",\\\"options\\\":[{\\\"$$class\\\":\\\"com.informatica.dq.rulebuilder.StringOption\\\",\\\"name\\\":\\\"useNull\\\",\\\"optionValue\\\":\\\"true\\\"}],\\\"inputs\\\":[{\\\"name\\\":\\\"NewInput1\\\",\\\"$$class\\\":\\\"com.informatica.dq.rulebuilder.Field\\\",\\\"##id\\\":\\\"5\\\",\\\"##externalID\\\":\\\"undefined\\\"}],\\\"suboperations\\\":[],\\\"outputs\\\":[]}},{\\\"$$class\\\":\\\"com.informatica.dq.rulebuilder.Statement\\\",\\\"action\\\":{\\\"$$class\\\":\\\"com.informatica.dq.rulebuilder.Operation\\\",\\\"$$id\\\":\\\"9\\\",\\\"name\\\":\\\"\\\",\\\"description\\\":\\\"\\\",\\\"options\\\":[],\\\"inputs\\\":[],\\\"suboperations\\\":[],\\\"outputs\\\":[]},\\\"condition\\\":{\\\"$$class\\\":\\\"com.informatica.dq.rulebuilder.Operation\\\",\\\"$$id\\\":\\\"10\\\",\\\"name\\\":\\\"\\\",\\\"description\\\":\\\"\\\",\\\"type\\\":\\\"DefaultValue\\\",\\\"options\\\":[],\\\"inputs\\\":[],\\\"suboperations\\\":[],\\\"outputs\\\":[]}}],\\\"ruleFamilies\\\":[],\\\"fields\\\":[{\\\"name\\\":\\\"NewInput1\\\",\\\"$$class\\\":\\\"com.informatica.dq.rulebuilder.Field\\\",\\\"##id\\\":\\\"5\\\",\\\"##externalID\\\":\\\"a6101eac-4bfc-48aa-b356-67e1d51e4ac0\\\"}]}}\"}"}}